<?xml version="1.0" encoding="UTF-8"?>
<root>
  <row>
    <product_id>1</product_id>
    <product_name>Spiderman</product_name>
    <product_description>Spiderman new imporved home coming spiderman</product_description>
    <product_price>20</product_price>
    <product_stock>1000</product_stock>
  </row>
  <row>
    <product_id>2</product_id>
    <product_name>Airplanes</product_name>
    <product_description>Airplane set with different attachments</product_description>
    <product_price>15</product_price>
    <product_stock>500</product_stock>
  </row>
  <row>
    <product_id>3</product_id>
    <product_name>Super hero Set</product_name>
    <product_description>Different super hero set</product_description>
    <product_price>25</product_price>
    <product_stock>700</product_stock>
  </row>
</root>