<?xml version="1.0" encoding="UTF-8"?>
<root>
  <row>
    <category_id>1</category_id>
    <category_name>Action figure</category_name>
    <category_description>Superheros and other collectables</category_description>
  </row>
  <row>
    <category_id>2</category_id>
    <category_name>Airplanes</category_name>
    <category_description>Airplane set with different attachments</category_description>
  </row>
  <row>
    <category_id>3</category_id>
    <category_name>Soft toys</category_name>
    <category_description>Soft toys for kids</category_description>
  </row>
</root>