<?xml version="1.0" encoding="UTF-8"?>
<root>
  <row>
    <user_id>1</user_id>
    <user_name>John Doe</user_name>
    <user_phone>123456789</user_phone>
    <user_location>Atlanta</user_location>
    <user_email>John_doe@gmail.com</user_email>
  </row>
  <row>
    <user_id>2</user_id>
    <user_name>Mary Jane</user_name>
    <user_phone>778458954</user_phone>
    <user_location>Ohio</user_location>
    <user_email>Maryjane@gmail.com</user_email>
  </row>
  <row>
    <user_id>3</user_id>
    <user_name>Sam Willam</user_name>
    <user_phone>778454664</user_phone>
    <user_location>Illinois</user_location>
    <user_email>sam_william@yahoo.com</user_email>
  </row>
</root>