<?xml version="1.0" encoding="UTF-8"?>
<root>
  <row>
    <order_id>1</order_id>
    <user_id>1</user_id>
    <product_id>1</product_id>
    <product_qty>2</product_qty>
    <prod_price>40</prod_price>
  </row>
  <row>
    <order_id>2</order_id>
    <user_id>2</user_id>
    <product_id>2</product_id>
    <product_qty>1</product_qty>
    <prod_price>15</prod_price>
  </row>
  <row>
    <order_id>3</order_id>
    <user_id>3</user_id>
    <product_id>3</product_id>
    <product_qty>4</product_qty>
    <prod_price>100</prod_price>
  </row>
</root>